<?xml version="1.0" encoding="UTF-8"?>
<beans xmlns="http://www.springframework.org/schema/beans"
	xmlns:xsi="http://www.w3.org/2001/XMLSchema-instance"
	xmlns:c="http://www.springframework.org/schema/c"
	xmlns:p="http://www.springframework.org/schema/p"
	xsi:schemaLocation="http://www.springframework.org/schema/beans http://www.springframework.org/schema/beans/spring-beans.xsd">

	<!-- set 대신 생성자 -->
	<bean id="student3" class="bit.ex.Student"><!-- 매개변수의 순서 -->
		<constructor-arg value="홍길자" /><!-- 이름 -->
		<constructor-arg value="8" /><!-- 나이 -->
		<constructor-arg>
			<list><!-- hobby -->
				<value>줄넘기</value>
				<value>공기놀이</value>
			</list>
		</constructor-arg>

		<property name="weight" value="21" />
	</bean>
	<bean id="studentinfo1" class="bit.ex.StudentInfo">
		<property name="student">
			<ref bean="student1" />
		</property>
	</bean>
	<bean id="family" class="bit.ex.Family" c:papaName="홍아빠"
		c:mamName="홍엄마" p:sisterName="홍누나"> <!-- c: = construct(생성자), p: = property(재산, 소유물) -->
		<property name="brotherName" value="홍오빠"></property>
	</bean>
</beans>
